{
  "layout_config": {
    "fullServerHide": false,
    "knockbackOnSmallDistance": false,
    "distance": 0.5,
    "strength": 1.0,
    "groupLayouts": [
      {
        "name": "default",
        "layouts": [
          {
            "name": "empty",
            "signLayout": [
              "&0&l%group% %id%",
              "&2&lOnline",
              "&7%motd%",
              "&c&l%online_players%/%max_players%"
            ],
            "blockId": 159,
            "subId": 5
          },
          {
            "name": "online",
            "signLayout": [
              "&0&l%group% %id%",
              "&2&lOnline",
              "&7%motd%",
              "&c&l%online_players%/%max_players%"
            ],
            "blockId": 159,
            "subId": 5
          },
          {
            "name": "full",
            "signLayout": [
              "&0&l%group% %id%",
              "&c&lFull",
              "&7%motd%",
              "&c&l%online_players%/%max_players%"
            ],
            "blockId": 159,
            "subId": 0
          },
          {
            "name": "maintenance",
            "signLayout": [
              "§8§m---------",
              "&7%group%",
              "§4§lMaintenance",
              "§8§m---------"
            ],
            "blockId": 137,
            "subId": 0
          }
        ]
      }
    ],
    "searchingAnimation": {
      "animations": 13,
      "animationsPerSecond": 10,
      "searchingLayouts": [
        {
          "name": "loading1",
          "signLayout": [
            " ",
            " ",
            " ",
            " "
          ],
          "blockId": 159,
          "subId": 14
        },
        {
          "name": "loading2",
          "signLayout": [
            "&8&m----------",
            "&7&l%group%",
            "&cOffline",
            "&8&m----------"
          ],
          "blockId": 159,
          "subId": 14
        },
        {
          "name": "loading3",
          "signLayout": [
            "&8&m----------",
            "&7&l%group%",
            "&c&lO&cffline",
            "&8&m----------"
          ],
          "blockId": 159,
          "subId": 14
        },
        {
          "name": "loading4",
          "signLayout": [
            "&8&m----------",
            "&7&l%group%",
            "&cO&c&lf&cfline",
            "&8&m----------"
          ],
          "blockId": 159,
          "subId": 14
        },
        {
          "name": "loading5",
          "signLayout": [
            "&8&m----------",
            "&7&l%group%",
            "&cOf&c&lf&cline",
            "&8&m----------"
          ],
          "blockId": 159,
          "subId": 14
        },
        {
          "name": "loading6",
          "signLayout": [
            "&8&m----------",
            "&7&l%group%",
            "&cOff&c&ll&cine",
            "&8&m----------"
          ],
          "blockId": 159,
          "subId": 14
        },
        {
          "name": "loading7",
          "signLayout": [
            "&8&m----------",
            "&7&l%group%",
            "&cOffl&c&li&cne",
            "&8&m----------"
          ],
          "blockId": 159,
          "subId": 14
        },
        {
          "name": "loading8",
          "signLayout": [
            "&8&m----------",
            "&7&l%group%",
            "&cOffli&c&ln&ce",
            "&8&m----------"
          ],
          "blockId": 159,
          "subId": 14
        },
        {
          "name": "loading9",
          "signLayout": [
            "&8&m----------",
            "&7&l%group%",
            "&cOfflin&c&le",
            "&8&m----------"
          ],
          "blockId": 159,
          "subId": 14
        },
        {
          "name": "loading10",
          "signLayout": [
            "&8&m----------",
            "&7&l%group%",
            "&cOffline",
            "&8&m----------"
          ],
          "blockId": 159,
          "subId": 14
        },
        {
          "name": "loading11",
          "signLayout": [
            "&8&m----------",
            "&7&l%group%",
            "&cOffline",
            "&8&m----------"
          ],
          "blockId": 159,
          "subId": 14
        },
        {
          "name": "loading12",
          "signLayout": [
            "&8&m----------",
            "&7&l%group%",
            "&cOffline",
            "&8&m----------"
          ],
          "blockId": 159,
          "subId": 14
        },
        {
          "name": "loading13",
          "signLayout": [
            "&8&m----------",
            "&7&l%group%",
            "&cOffline",
            "&8&m----------"
          ],
          "blockId": 159,
          "subId": 14
        }
      ]
    }
  }
}